Workbook

Sheet Instructions
A1: SATRF Score Import — How to use this workbook
A2: UPLOAD TEMPLATE — fill in the scores for ONE match and upload to the SATRF site. Members, events, rankings, records & season stats are handled on the website, not in this file.
A4: Colour key | B4: Blue/peach cells = you type here. Grey cells = calculated automatically (do not edit).
A5: Tabs | B5: Prone 50m · F-Class · 3-Position 50m · Prone Final · 3P Final — fill only the sheets relevant to this match.
A6: One row | B6: One row per shooter per match. Add as many rows as you need (formatting extends to row 100).
A7: Members tab | B7: Add/maintain your shooters there. Their names appear in the Shooter dropdown. Guests can be typed freely.
A8: Date | B8: Enter as YYYY-MM-DD (e.g. 2026-05-09). Excel date cells also work.
A9: Dropdowns | B9: Discipline, Shooter, Club, Category and Status are dropdowns. Pick from the list (or free-type a guest).
A10: Prone & F-Class | B10: 6 series × 10 shots. Enter the decimal series total (e.g. 100.7). Integer ring totals are optional.
A11: F-Class note | B11: Scored like ISSF: 2 diagrams of 5 = a 10-shot series, 6 series, total /600. Just enter the series total.
A12: 3-Position | B12: Enter one total per position: Kneeling, Prone, Standing (20 shots each, 60 total). Decimals and/or integers.
A13: Decimal max | B13: Decimal max flags impossible values: 109.0 per 10-shot series (Prone/F-Class); 218.0 per 20-shot 3P position.
A14: Totals | B14: The Total columns are auto-summed for your own sanity check. The website recalculates on import.
A15: Status | B15: official (default) or provisional for incomplete/training scores.
A16: Electronic vs paper | B16: From an electronic PDF: copy each series/position decimal. From paper: enter the hand-tallied totals.

Sheet Prone 50m
A1: Date (YYYY-MM-DD) | B1: Event Name | C1: Discipline | D1: Shooter Name | E1: Club | F1: Category | G1: S1 Dec | H1: S2 Dec | I1: S3 Dec | J1: S4 Dec | K1: S5 Dec | L1: S6 Dec | M1: S1 Int | N1: S2 Int | O1: S3 Int | P1: S4 Int | Q1: S5 Int | R1: S6 Int | S1: Total Dec | T1: Total Int | U1: Status | V1: Notes | Y1: Check
A2: 2026-05-09 | B2: 50 Meter Rifle Prone | C2: prone_50m | D2: Arnold Prone | E2: =IFERROR(IF(D2="","",VLOOKUP(D2,Members!$A$2:$C$16,2,FALSE())),"") -> Modderbee | F2: =IFERROR(IF(D2="","",VLOOKUP(D2,Members!$A$2:$C$16,3,FALSE())),"") -> open | G2: 100.7 | H2: 101.6 | I2: 97.4 | J2: 100.7 | K2: 99.3 | L2: 100.7 | M2: 95 | N2: 95 | O2: 93 | P2: 95 | Q2: 94 | R2: 95 | S2: =IF(COUNT(G2:L2)=0,"",SUM(G2:L2)) -> 600.4 | T2: =IF(COUNT(M2:R2)=0,"",SUM(M2:R2)) -> 567 | U2: official | V2: Example from electronic target — 60-shot match | Y2: =IF(AND(A2="",B2="",D2="",COUNT(G2:L2)=0),"",IF(D2="","Missing shooter",IF(A2="","Missing date",IF(B2="","Missing event",IF(E2="","Club not in roster (type manually)",IF(COUNT(G2:L2)=0,"No scores entered",IF(U2="","Set status (official/provisional)",IF(COUNTIFS($A$2:$A$101,A2,$B$2:$B$101,B2,$D$2:$D$101,D2)>1,"Duplicate entry","OK to upload")))))))) -> OK to upload
A3: 2026-06-10 | B3: SATRF Nationals | C3: prone_50m | D3: Jane Member | E3: =IFERROR(IF(D3="","",VLOOKUP(D3,Members!$A$2:$C$16,2,FALSE())),"") -> SATRF Club | F3: =IFERROR(IF(D3="","",VLOOKUP(D3,Members!$A$2:$C$16,3,FALSE())),"") -> ladies | G3: 98.5 | H3: 99.1 | I3: 97.8 | J3: 100.2 | K3: 99 | L3: 98.7 | S3: =IF(COUNT(G3:L3)=0,"",SUM(G3:L3)) -> 593.3 | T3: =IF(COUNT(M3:R3)=0,"",SUM(M3:R3)) | U3: official | Y3: =IF(AND(A3="",B3="",D3="",COUNT(G3:L3)=0),"",IF(D3="","Missing shooter",IF(A3="","Missing date",IF(B3="","Missing event",IF(E3="","Club not in roster (type manually)",IF(COUNT(G3:L3)=0,"No scores entered",IF(U3="","Set status (official/provisional)",IF(COUNTIFS($A$2:$A$101,A3,$B$2:$B$101,B3,$D$2:$D$101,D3)>1,"Duplicate entry","OK to upload")))))))) -> OK to upload
E4: =IFERROR(IF(D4="","",VLOOKUP(D4,Members!$A$2:$C$16,2,FALSE())),"") | F4: =IFERROR(IF(D4="","",VLOOKUP(D4,Members!$A$2:$C$16,3,FALSE())),"") | S4: =IF(COUNT(G4:L4)=0,"",SUM(G4:L4)) | T4: =IF(COUNT(M4:R4)=0,"",SUM(M4:R4)) | Y4: =IF(AND(A4="",B4="",D4="",COUNT(G4:L4)=0),"",IF(D4="","Missing shooter",IF(A4="","Missing date",IF(B4="","Missing event",IF(E4="","Club not in roster (type manually)",IF(COUNT(G4:L4)=0,"No scores entered",IF(U4="","Set status (official/provisional)",IF(COUNTIFS($A$2:$A$101,A4,$B$2:$B$101,B4,$D$2:$D$101,D4)>1,"Duplicate entry","OK to upload"))))))))
E5: =IFERROR(IF(D5="","",VLOOKUP(D5,Members!$A$2:$C$16,2,FALSE())),"") | F5: =IFERROR(IF(D5="","",VLOOKUP(D5,Members!$A$2:$C$16,3,FALSE())),"") | S5: =IF(COUNT(G5:L5)=0,"",SUM(G5:L5)) | T5: =IF(COUNT(M5:R5)=0,"",SUM(M5:R5)) | Y5: =IF(AND(A5="",B5="",D5="",COUNT(G5:L5)=0),"",IF(D5="","Missing shooter",IF(A5="","Missing date",IF(B5="","Missing event",IF(E5="","Club not in roster (type manually)",IF(COUNT(G5:L5)=0,"No scores entered",IF(U5="","Set status (official/provisional)",IF(COUNTIFS($A$2:$A$101,A5,$B$2:$B$101,B5,$D$2:$D$101,D5)>1,"Duplicate entry","OK to upload"))))))))
E6: =IFERROR(IF(D6="","",VLOOKUP(D6,Members!$A$2:$C$16,2,FALSE())),"") | F6: =IFERROR(IF(D6="","",VLOOKUP(D6,Members!$A$2:$C$16,3,FALSE())),"") | S6: =IF(COUNT(G6:L6)=0,"",SUM(G6:L6)) | T6: =IF(COUNT(M6:R6)=0,"",SUM(M6:R6)) | Y6: =IF(AND(A6="",B6="",D6="",COUNT(G6:L6)=0),"",IF(D6="","Missing shooter",IF(A6="","Missing date",IF(B6="","Missing event",IF(E6="","Club not in roster (type manually)",IF(COUNT(G6:L6)=0,"No scores entered",IF(U6="","Set status (official/provisional)",IF(COUNTIFS($A$2:$A$101,A6,$B$2:$B$101,B6,$D$2:$D$101,D6)>1,"Duplicate entry","OK to upload"))))))))
E7: =IFERROR(IF(D7="","",VLOOKUP(D7,Members!$A$2:$C$16,2,FALSE())),"") | F7: =IFERROR(IF(D7="","",VLOOKUP(D7,Members!$A$2:$C$16,3,FALSE())),"") | S7: =IF(COUNT(G7:L7)=0,"",SUM(G7:L7)) | T7: =IF(COUNT(M7:R7)=0,"",SUM(M7:R7)) | Y7: =IF(AND(A7="",B7="",D7="",COUNT(G7:L7)=0),"",IF(D7="","Missing shooter",IF(A7="","Missing date",IF(B7="","Missing event",IF(E7="","Club not in roster (type manually)",IF(COUNT(G7:L7)=0,"No scores entered",IF(U7="","Set status (official/provisional)",IF(COUNTIFS($A$2:$A$101,A7,$B$2:$B$101,B7,$D$2:$D$101,D7)>1,"Duplicate entry","OK to upload"))))))))
E8: =IFERROR(IF(D8="","",VLOOKUP(D8,Members!$A$2:$C$16,2,FALSE())),"") | F8: =IFERROR(IF(D8="","",VLOOKUP(D8,Members!$A$2:$C$16,3,FALSE())),"") | S8: =IF(COUNT(G8:L8)=0,"",SUM(G8:L8)) | T8: =IF(COUNT(M8:R8)=0,"",SUM(M8:R8)) | Y8: =IF(AND(A8="",B8="",D8="",COUNT(G8:L8)=0),"",IF(D8="","Missing shooter",IF(A8="","Missing date",IF(B8="","Missing event",IF(E8="","Club not in roster (type manually)",IF(COUNT(G8:L8)=0,"No scores entered",IF(U8="","Set status (official/provisional)",IF(COUNTIFS($A$2:$A$101,A8,$B$2:$B$101,B8,$D$2:$D$101,D8)>1,"Duplicate entry","OK to upload"))))))))
E9: =IFERROR(IF(D9="","",VLOOKUP(D9,Members!$A$2:$C$16,2,FALSE())),"") | F9: =IFERROR(IF(D9="","",VLOOKUP(D9,Members!$A$2:$C$16,3,FALSE())),"") | S9: =IF(COUNT(G9:L9)=0,"",SUM(G9:L9)) | T9: =IF(COUNT(M9:R9)=0,"",SUM(M9:R9)) | Y9: =IF(AND(A9="",B9="",D9="",COUNT(G9:L9)=0),"",IF(D9="","Missing shooter",IF(A9="","Missing date",IF(B9="","Missing event",IF(E9="","Club not in roster (type manually)",IF(COUNT(G9:L9)=0,"No scores entered",IF(U9="","Set status (official/provisional)",IF(COUNTIFS($A$2:$A$101,A9,$B$2:$B$101,B9,$D$2:$D$101,D9)>1,"Duplicate entry","OK to upload"))))))))
E10: =IFERROR(IF(D10="","",VLOOKUP(D10,Members!$A$2:$C$16,2,FALSE())),"") | F10: =IFERROR(IF(D10="","",VLOOKUP(D10,Members!$A$2:$C$16,3,FALSE())),"") | S10: =IF(COUNT(G10:L10)=0,"",SUM(G10:L10)) | T10: =IF(COUNT(M10:R10)=0,"",SUM(M10:R10)) | Y10: =IF(AND(A10="",B10="",D10="",COUNT(G10:L10)=0),"",IF(D10="","Missing shooter",IF(A10="","Missing date",IF(B10="","Missing event",IF(E10="","Club not in roster (type manually)",IF(COUNT(G10:L10)=0,"No scores entered",IF(U10="","Set status (official/provisional)",IF(COUNTIFS($A$2:$A$101,A10,$B$2:$B$101,B10,$D$2:$D$101,D10)>1,"Duplicate entry","OK to upload"))))))))
E11: =IFERROR(IF(D11="","",VLOOKUP(D11,Members!$A$2:$C$16,2,FALSE())),"") | F11: =IFERROR(IF(D11="","",VLOOKUP(D11,Members!$A$2:$C$16,3,FALSE())),"") | S11: =IF(COUNT(G11:L11)=0,"",SUM(G11:L11)) | T11: =IF(COUNT(M11:R11)=0,"",SUM(M11:R11)) | Y11: =IF(AND(A11="",B11="",D11="",COUNT(G11:L11)=0),"",IF(D11="","Missing shooter",IF(A11="","Missing date",IF(B11="","Missing event",IF(E11="","Club not in roster (type manually)",IF(COUNT(G11:L11)=0,"No scores entered",IF(U11="","Set status (official/provisional)",IF(COUNTIFS($A$2:$A$101,A11,$B$2:$B$101,B11,$D$2:$D$101,D11)>1,"Duplicate entry","OK to upload"))))))))
E12: =IFERROR(IF(D12="","",VLOOKUP(D12,Members!$A$2:$C$16,2,FALSE())),"") | F12: =IFERROR(IF(D12="","",VLOOKUP(D12,Members!$A$2:$C$16,3,FALSE())),"") | S12: =IF(COUNT(G12:L12)=0,"",SUM(G12:L12)) | T12: =IF(COUNT(M12:R12)=0,"",SUM(M12:R12)) | Y12: =IF(AND(A12="",B12="",D12="",COUNT(G12:L12)=0),"",IF(D12="","Missing shooter",IF(A12="","Missing date",IF(B12="","Missing event",IF(E12="","Club not in roster (type manually)",IF(COUNT(G12:L12)=0,"No scores entered",IF(U12="","Set status (official/provisional)",IF(COUNTIFS($A$2:$A$101,A12,$B$2:$B$101,B12,$D$2:$D$101,D12)>1,"Duplicate entry","OK to upload"))))))))
E13: =IFERROR(IF(D13="","",VLOOKUP(D13,Members!$A$2:$C$16,2,FALSE())),"") | F13: =IFERROR(IF(D13="","",VLOOKUP(D13,Members!$A$2:$C$16,3,FALSE())),"") | S13: =IF(COUNT(G13:L13)=0,"",SUM(G13:L13)) | T13: =IF(COUNT(M13:R13)=0,"",SUM(M13:R13)) | Y13: =IF(AND(A13="",B13="",D13="",COUNT(G13:L13)=0),"",IF(D13="","Missing shooter",IF(A13="","Missing date",IF(B13="","Missing event",IF(E13="","Club not in roster (type manually)",IF(COUNT(G13:L13)=0,"No scores entered",IF(U13="","Set status (official/provisional)",IF(COUNTIFS($A$2:$A$101,A13,$B$2:$B$101,B13,$D$2:$D$101,D13)>1,"Duplicate entry","OK to upload"))))))))
E14: =IFERROR(IF(D14="","",VLOOKUP(D14,Members!$A$2:$C$16,2,FALSE())),"") | F14: =IFERROR(IF(D14="","",VLOOKUP(D14,Members!$A$2:$C$16,3,FALSE())),"") | S14: =IF(COUNT(G14:L14)=0,"",SUM(G14:L14)) | T14: =IF(COUNT(M14:R14)=0,"",SUM(M14:R14)) | Y14: =IF(AND(A14="",B14="",D14="",COUNT(G14:L14)=0),"",IF(D14="","Missing shooter",IF(A14="","Missing date",IF(B14="","Missing event",IF(E14="","Club not in roster (type manually)",IF(COUNT(G14:L14)=0,"No scores entered",IF(U14="","Set status (official/provisional)",IF(COUNTIFS($A$2:$A$101,A14,$B$2:$B$101,B14,$D$2:$D$101,D14)>1,"Duplicate entry","OK to upload"))))))))
E15: =IFERROR(IF(D15="","",VLOOKUP(D15,Members!$A$2:$C$16,2,FALSE())),"") | F15: =IFERROR(IF(D15="","",VLOOKUP(D15,Members!$A$2:$C$16,3,FALSE())),"") | S15: =IF(COUNT(G15:L15)=0,"",SUM(G15:L15)) | T15: =IF(COUNT(M15:R15)=0,"",SUM(M15:R15)) | Y15: =IF(AND(A15="",B15="",D15="",COUNT(G15:L15)=0),"",IF(D15="","Missing shooter",IF(A15="","Missing date",IF(B15="","Missing event",IF(E15="","Club not in roster (type manually)",IF(COUNT(G15:L15)=0,"No scores entered",IF(U15="","Set status (official/provisional)",IF(COUNTIFS($A$2:$A$101,A15,$B$2:$B$101,B15,$D$2:$D$101,D15)>1,"Duplicate entry","OK to upload"))))))))
... E101: =IFERROR(IF(D101="","",VLOOKUP(D101,Members!$A$2:$C$16,2,FALSE())),"") | F101: =IFERROR(IF(D101="","",VLOOKUP(D101,Members!$A$2:$C$16,3,FALSE())),"") | S101: =IF(COUNT(G101:L101)=0,"",SUM(G101:L101)) | T101: =IF(COUNT(M101:R101)=0,"",SUM(M101:R101)) | Y101: =IF(AND(A101="",B101="",D101="",COUNT(G101:L101)=0),"",IF(D101="","Missing shooter",IF(A101="","Missing date",IF(B101="","Missing event",IF(E101="","Club not in roster (type manually)",IF(COUNT(G101:L101)=0,"No scores entered",IF(U101="","Set status (official/provisional)",IF(COUNTIFS($A$2:$A$101,A101,$B$2:$B$101,B101,$D$2:$D$101,D101)>1,"Duplicate entry","OK to upload"))))))))

Sheet F-Class
A1: Date (YYYY-MM-DD) | B1: Event Name | C1: Discipline | D1: Shooter Name | E1: Club | F1: Category | G1: S1 Dec | H1: S2 Dec | I1: S3 Dec | J1: S4 Dec | K1: S5 Dec | L1: S6 Dec | M1: S1 Int | N1: S2 Int | O1: S3 Int | P1: S4 Int | Q1: S5 Int | R1: S6 Int | S1: Total Dec | T1: Total Int | U1: Status | V1: Notes | Y1: Check
A2: 2026-05-16 | B2: Club F-Class 600 | C2: fclass_open | D2: Pieter van Wyk | E2: =IFERROR(IF(D2="","",VLOOKUP(D2,Members!$A$2:$C$16,2,FALSE())),"") -> Pretoria RC | F2: =IFERROR(IF(D2="","",VLOOKUP(D2,Members!$A$2:$C$16,3,FALSE())),"") -> open | G2: 99 | H2: 98 | I2: 100 | J2: 97 | K2: 99 | L2: 98 | M2: 49 | N2: 48 | O2: 50 | P2: 47 | Q2: 49 | R2: 48 | S2: =IF(COUNT(G2:L2)=0,"",SUM(G2:L2)) -> 591 | T2: =IF(COUNT(M2:R2)=0,"",SUM(M2:R2)) -> 291 | U2: official | V2: Example — 6 series of 10 (2 diagrams of 5) | Y2: =IF(AND(A2="",B2="",D2="",COUNT(G2:L2)=0),"",IF(D2="","Missing shooter",IF(A2="","Missing date",IF(B2="","Missing event",IF(E2="","Club not in roster (type manually)",IF(COUNT(G2:L2)=0,"No scores entered",IF(U2="","Set status (official/provisional)",IF(COUNTIFS($A$2:$A$101,A2,$B$2:$B$101,B2,$D$2:$D$101,D2)>1,"Duplicate entry","OK to upload")))))))) -> OK to upload
E3: =IFERROR(IF(D3="","",VLOOKUP(D3,Members!$A$2:$C$16,2,FALSE())),"") | F3: =IFERROR(IF(D3="","",VLOOKUP(D3,Members!$A$2:$C$16,3,FALSE())),"") | S3: =IF(COUNT(G3:L3)=0,"",SUM(G3:L3)) | T3: =IF(COUNT(M3:R3)=0,"",SUM(M3:R3)) | Y3: =IF(AND(A3="",B3="",D3="",COUNT(G3:L3)=0),"",IF(D3="","Missing shooter",IF(A3="","Missing date",IF(B3="","Missing event",IF(E3="","Club not in roster (type manually)",IF(COUNT(G3:L3)=0,"No scores entered",IF(U3="","Set status (official/provisional)",IF(COUNTIFS($A$2:$A$101,A3,$B$2:$B$101,B3,$D$2:$D$101,D3)>1,"Duplicate entry","OK to upload"))))))))
E4: =IFERROR(IF(D4="","",VLOOKUP(D4,Members!$A$2:$C$16,2,FALSE())),"") | F4: =IFERROR(IF(D4="","",VLOOKUP(D4,Members!$A$2:$C$16,3,FALSE())),"") | S4: =IF(COUNT(G4:L4)=0,"",SUM(G4:L4)) | T4: =IF(COUNT(M4:R4)=0,"",SUM(M4:R4)) | Y4: =IF(AND(A4="",B4="",D4="",COUNT(G4:L4)=0),"",IF(D4="","Missing shooter",IF(A4="","Missing date",IF(B4="","Missing event",IF(E4="","Club not in roster (type manually)",IF(COUNT(G4:L4)=0,"No scores entered",IF(U4="","Set status (official/provisional)",IF(COUNTIFS($A$2:$A$101,A4,$B$2:$B$101,B4,$D$2:$D$101,D4)>1,"Duplicate entry","OK to upload"))))))))
E5: =IFERROR(IF(D5="","",VLOOKUP(D5,Members!$A$2:$C$16,2,FALSE())),"") | F5: =IFERROR(IF(D5="","",VLOOKUP(D5,Members!$A$2:$C$16,3,FALSE())),"") | S5: =IF(COUNT(G5:L5)=0,"",SUM(G5:L5)) | T5: =IF(COUNT(M5:R5)=0,"",SUM(M5:R5)) | Y5: =IF(AND(A5="",B5="",D5="",COUNT(G5:L5)=0),"",IF(D5="","Missing shooter",IF(A5="","Missing date",IF(B5="","Missing event",IF(E5="","Club not in roster (type manually)",IF(COUNT(G5:L5)=0,"No scores entered",IF(U5="","Set status (official/provisional)",IF(COUNTIFS($A$2:$A$101,A5,$B$2:$B$101,B5,$D$2:$D$101,D5)>1,"Duplicate entry","OK to upload"))))))))
E6: =IFERROR(IF(D6="","",VLOOKUP(D6,Members!$A$2:$C$16,2,FALSE())),"") | F6: =IFERROR(IF(D6="","",VLOOKUP(D6,Members!$A$2:$C$16,3,FALSE())),"") | S6: =IF(COUNT(G6:L6)=0,"",SUM(G6:L6)) | T6: =IF(COUNT(M6:R6)=0,"",SUM(M6:R6)) | Y6: =IF(AND(A6="",B6="",D6="",COUNT(G6:L6)=0),"",IF(D6="","Missing shooter",IF(A6="","Missing date",IF(B6="","Missing event",IF(E6="","Club not in roster (type manually)",IF(COUNT(G6:L6)=0,"No scores entered",IF(U6="","Set status (official/provisional)",IF(COUNTIFS($A$2:$A$101,A6,$B$2:$B$101,B6,$D$2:$D$101,D6)>1,"Duplicate entry","OK to upload"))))))))
E7: =IFERROR(IF(D7="","",VLOOKUP(D7,Members!$A$2:$C$16,2,FALSE())),"") | F7: =IFERROR(IF(D7="","",VLOOKUP(D7,Members!$A$2:$C$16,3,FALSE())),"") | S7: =IF(COUNT(G7:L7)=0,"",SUM(G7:L7)) | T7: =IF(COUNT(M7:R7)=0,"",SUM(M7:R7)) | Y7: =IF(AND(A7="",B7="",D7="",COUNT(G7:L7)=0),"",IF(D7="","Missing shooter",IF(A7="","Missing date",IF(B7="","Missing event",IF(E7="","Club not in roster (type manually)",IF(COUNT(G7:L7)=0,"No scores entered",IF(U7="","Set status (official/provisional)",IF(COUNTIFS($A$2:$A$101,A7,$B$2:$B$101,B7,$D$2:$D$101,D7)>1,"Duplicate entry","OK to upload"))))))))
E8: =IFERROR(IF(D8="","",VLOOKUP(D8,Members!$A$2:$C$16,2,FALSE())),"") | F8: =IFERROR(IF(D8="","",VLOOKUP(D8,Members!$A$2:$C$16,3,FALSE())),"") | S8: =IF(COUNT(G8:L8)=0,"",SUM(G8:L8)) | T8: =IF(COUNT(M8:R8)=0,"",SUM(M8:R8)) | Y8: =IF(AND(A8="",B8="",D8="",COUNT(G8:L8)=0),"",IF(D8="","Missing shooter",IF(A8="","Missing date",IF(B8="","Missing event",IF(E8="","Club not in roster (type manually)",IF(COUNT(G8:L8)=0,"No scores entered",IF(U8="","Set status (official/provisional)",IF(COUNTIFS($A$2:$A$101,A8,$B$2:$B$101,B8,$D$2:$D$101,D8)>1,"Duplicate entry","OK to upload"))))))))
E9: =IFERROR(IF(D9="","",VLOOKUP(D9,Members!$A$2:$C$16,2,FALSE())),"") | F9: =IFERROR(IF(D9="","",VLOOKUP(D9,Members!$A$2:$C$16,3,FALSE())),"") | S9: =IF(COUNT(G9:L9)=0,"",SUM(G9:L9)) | T9: =IF(COUNT(M9:R9)=0,"",SUM(M9:R9)) | Y9: =IF(AND(A9="",B9="",D9="",COUNT(G9:L9)=0),"",IF(D9="","Missing shooter",IF(A9="","Missing date",IF(B9="","Missing event",IF(E9="","Club not in roster (type manually)",IF(COUNT(G9:L9)=0,"No scores entered",IF(U9="","Set status (official/provisional)",IF(COUNTIFS($A$2:$A$101,A9,$B$2:$B$101,B9,$D$2:$D$101,D9)>1,"Duplicate entry","OK to upload"))))))))
E10: =IFERROR(IF(D10="","",VLOOKUP(D10,Members!$A$2:$C$16,2,FALSE())),"") | F10: =IFERROR(IF(D10="","",VLOOKUP(D10,Members!$A$2:$C$16,3,FALSE())),"") | S10: =IF(COUNT(G10:L10)=0,"",SUM(G10:L10)) | T10: =IF(COUNT(M10:R10)=0,"",SUM(M10:R10)) | Y10: =IF(AND(A10="",B10="",D10="",COUNT(G10:L10)=0),"",IF(D10="","Missing shooter",IF(A10="","Missing date",IF(B10="","Missing event",IF(E10="","Club not in roster (type manually)",IF(COUNT(G10:L10)=0,"No scores entered",IF(U10="","Set status (official/provisional)",IF(COUNTIFS($A$2:$A$101,A10,$B$2:$B$101,B10,$D$2:$D$101,D10)>1,"Duplicate entry","OK to upload"))))))))
E11: =IFERROR(IF(D11="","",VLOOKUP(D11,Members!$A$2:$C$16,2,FALSE())),"") | F11: =IFERROR(IF(D11="","",VLOOKUP(D11,Members!$A$2:$C$16,3,FALSE())),"") | S11: =IF(COUNT(G11:L11)=0,"",SUM(G11:L11)) | T11: =IF(COUNT(M11:R11)=0,"",SUM(M11:R11)) | Y11: =IF(AND(A11="",B11="",D11="",COUNT(G11:L11)=0),"",IF(D11="","Missing shooter",IF(A11="","Missing date",IF(B11="","Missing event",IF(E11="","Club not in roster (type manually)",IF(COUNT(G11:L11)=0,"No scores entered",IF(U11="","Set status (official/provisional)",IF(COUNTIFS($A$2:$A$101,A11,$B$2:$B$101,B11,$D$2:$D$101,D11)>1,"Duplicate entry","OK to upload"))))))))
E12: =IFERROR(IF(D12="","",VLOOKUP(D12,Members!$A$2:$C$16,2,FALSE())),"") | F12: =IFERROR(IF(D12="","",VLOOKUP(D12,Members!$A$2:$C$16,3,FALSE())),"") | S12: =IF(COUNT(G12:L12)=0,"",SUM(G12:L12)) | T12: =IF(COUNT(M12:R12)=0,"",SUM(M12:R12)) | Y12: =IF(AND(A12="",B12="",D12="",COUNT(G12:L12)=0),"",IF(D12="","Missing shooter",IF(A12="","Missing date",IF(B12="","Missing event",IF(E12="","Club not in roster (type manually)",IF(COUNT(G12:L12)=0,"No scores entered",IF(U12="","Set status (official/provisional)",IF(COUNTIFS($A$2:$A$101,A12,$B$2:$B$101,B12,$D$2:$D$101,D12)>1,"Duplicate entry","OK to upload"))))))))
E13: =IFERROR(IF(D13="","",VLOOKUP(D13,Members!$A$2:$C$16,2,FALSE())),"") | F13: =IFERROR(IF(D13="","",VLOOKUP(D13,Members!$A$2:$C$16,3,FALSE())),"") | S13: =IF(COUNT(G13:L13)=0,"",SUM(G13:L13)) | T13: =IF(COUNT(M13:R13)=0,"",SUM(M13:R13)) | Y13: =IF(AND(A13="",B13="",D13="",COUNT(G13:L13)=0),"",IF(D13="","Missing shooter",IF(A13="","Missing date",IF(B13="","Missing event",IF(E13="","Club not in roster (type manually)",IF(COUNT(G13:L13)=0,"No scores entered",IF(U13="","Set status (official/provisional)",IF(COUNTIFS($A$2:$A$101,A13,$B$2:$B$101,B13,$D$2:$D$101,D13)>1,"Duplicate entry","OK to upload"))))))))
E14: =IFERROR(IF(D14="","",VLOOKUP(D14,Members!$A$2:$C$16,2,FALSE())),"") | F14: =IFERROR(IF(D14="","",VLOOKUP(D14,Members!$A$2:$C$16,3,FALSE())),"") | S14: =IF(COUNT(G14:L14)=0,"",SUM(G14:L14)) | T14: =IF(COUNT(M14:R14)=0,"",SUM(M14:R14)) | Y14: =IF(AND(A14="",B14="",D14="",COUNT(G14:L14)=0),"",IF(D14="","Missing shooter",IF(A14="","Missing date",IF(B14="","Missing event",IF(E14="","Club not in roster (type manually)",IF(COUNT(G14:L14)=0,"No scores entered",IF(U14="","Set status (official/provisional)",IF(COUNTIFS($A$2:$A$101,A14,$B$2:$B$101,B14,$D$2:$D$101,D14)>1,"Duplicate entry","OK to upload"))))))))
... E101: =IFERROR(IF(D101="","",VLOOKUP(D101,Members!$A$2:$C$16,2,FALSE())),"") | F101: =IFERROR(IF(D101="","",VLOOKUP(D101,Members!$A$2:$C$16,3,FALSE())),"") | S101: =IF(COUNT(G101:L101)=0,"",SUM(G101:L101)) | T101: =IF(COUNT(M101:R101)=0,"",SUM(M101:R101)) | Y101: =IF(AND(A101="",B101="",D101="",COUNT(G101:L101)=0),"",IF(D101="","Missing shooter",IF(A101="","Missing date",IF(B101="","Missing event",IF(E101="","Club not in roster (type manually)",IF(COUNT(G101:L101)=0,"No scores entered",IF(U101="","Set status (official/provisional)",IF(COUNTIFS($A$2:$A$101,A101,$B$2:$B$101,B101,$D$2:$D$101,D101)>1,"Duplicate entry","OK to upload"))))))))

Sheet 3-Position 50m
A1: Date (YYYY-MM-DD) | B1: Event Name | C1: Discipline | D1: Shooter Name | E1: Club | F1: Category | G1: Kneeling Dec | H1: Prone Dec | I1: Standing Dec | J1: Kneeling Int | K1: Prone Int | L1: Standing Int | M1: Total Dec | N1: Total Int | O1: Status | P1: Notes | R1: 3P (club): 3 positions x 20 shots = 60 shots. Total /600 integer, /654 decimal. Enter one total per position. Caps: 218.0 dec / 200 int per position. | S1: Check
A2: 2026-05-23 | B2: 3-Position Open | C2: three_position_50m | D2: Lerato Dlamini | E2: =IFERROR(IF(D2="","",VLOOKUP(D2,Members!$A$2:$C$16,2,FALSE())),"") -> SATRF Club | F2: =IFERROR(IF(D2="","",VLOOKUP(D2,Members!$A$2:$C$16,3,FALSE())),"") -> junior | G2: 203.4 | H2: 210.1 | I2: 196.8 | J2: 188 | K2: 196 | L2: 182 | M2: =IF(COUNT(G2:I2)=0,"",SUM(G2:I2)) -> 610.3 | N2: =IF(COUNT(J2:L2)=0,"",SUM(J2:L2)) -> 566 | O2: official | P2: Example — one total per position (20 shots each, 60 total) | S2: =IF(AND(A2="",B2="",D2="",COUNT(G2:I2)=0),"",IF(D2="","Missing shooter",IF(A2="","Missing date",IF(B2="","Missing event",IF(E2="","Club not in roster (type manually)",IF(COUNT(G2:I2)=0,"No scores entered",IF(O2="","Set status (official/provisional)",IF(COUNTIFS($A$2:$A$101,A2,$B$2:$B$101,B2,$D$2:$D$101,D2)>1,"Duplicate entry","OK to upload")))))))) -> OK to upload
E3: =IFERROR(IF(D3="","",VLOOKUP(D3,Members!$A$2:$C$16,2,FALSE())),"") | F3: =IFERROR(IF(D3="","",VLOOKUP(D3,Members!$A$2:$C$16,3,FALSE())),"") | M3: =IF(COUNT(G3:I3)=0,"",SUM(G3:I3)) | N3: =IF(COUNT(J3:L3)=0,"",SUM(J3:L3)) | S3: =IF(AND(A3="",B3="",D3="",COUNT(G3:I3)=0),"",IF(D3="","Missing shooter",IF(A3="","Missing date",IF(B3="","Missing event",IF(E3="","Club not in roster (type manually)",IF(COUNT(G3:I3)=0,"No scores entered",IF(O3="","Set status (official/provisional)",IF(COUNTIFS($A$2:$A$101,A3,$B$2:$B$101,B3,$D$2:$D$101,D3)>1,"Duplicate entry","OK to upload"))))))))
E4: =IFERROR(IF(D4="","",VLOOKUP(D4,Members!$A$2:$C$16,2,FALSE())),"") | F4: =IFERROR(IF(D4="","",VLOOKUP(D4,Members!$A$2:$C$16,3,FALSE())),"") | M4: =IF(COUNT(G4:I4)=0,"",SUM(G4:I4)) | N4: =IF(COUNT(J4:L4)=0,"",SUM(J4:L4)) | S4: =IF(AND(A4="",B4="",D4="",COUNT(G4:I4)=0),"",IF(D4="","Missing shooter",IF(A4="","Missing date",IF(B4="","Missing event",IF(E4="","Club not in roster (type manually)",IF(COUNT(G4:I4)=0,"No scores entered",IF(O4="","Set status (official/provisional)",IF(COUNTIFS($A$2:$A$101,A4,$B$2:$B$101,B4,$D$2:$D$101,D4)>1,"Duplicate entry","OK to upload"))))))))
E5: =IFERROR(IF(D5="","",VLOOKUP(D5,Members!$A$2:$C$16,2,FALSE())),"") | F5: =IFERROR(IF(D5="","",VLOOKUP(D5,Members!$A$2:$C$16,3,FALSE())),"") | M5: =IF(COUNT(G5:I5)=0,"",SUM(G5:I5)) | N5: =IF(COUNT(J5:L5)=0,"",SUM(J5:L5)) | S5: =IF(AND(A5="",B5="",D5="",COUNT(G5:I5)=0),"",IF(D5="","Missing shooter",IF(A5="","Missing date",IF(B5="","Missing event",IF(E5="","Club not in roster (type manually)",IF(COUNT(G5:I5)=0,"No scores entered",IF(O5="","Set status (official/provisional)",IF(COUNTIFS($A$2:$A$101,A5,$B$2:$B$101,B5,$D$2:$D$101,D5)>1,"Duplicate entry","OK to upload"))))))))
E6: =IFERROR(IF(D6="","",VLOOKUP(D6,Members!$A$2:$C$16,2,FALSE())),"") | F6: =IFERROR(IF(D6="","",VLOOKUP(D6,Members!$A$2:$C$16,3,FALSE())),"") | M6: =IF(COUNT(G6:I6)=0,"",SUM(G6:I6)) | N6: =IF(COUNT(J6:L6)=0,"",SUM(J6:L6)) | S6: =IF(AND(A6="",B6="",D6="",COUNT(G6:I6)=0),"",IF(D6="","Missing shooter",IF(A6="","Missing date",IF(B6="","Missing event",IF(E6="","Club not in roster (type manually)",IF(COUNT(G6:I6)=0,"No scores entered",IF(O6="","Set status (official/provisional)",IF(COUNTIFS($A$2:$A$101,A6,$B$2:$B$101,B6,$D$2:$D$101,D6)>1,"Duplicate entry","OK to upload"))))))))
E7: =IFERROR(IF(D7="","",VLOOKUP(D7,Members!$A$2:$C$16,2,FALSE())),"") | F7: =IFERROR(IF(D7="","",VLOOKUP(D7,Members!$A$2:$C$16,3,FALSE())),"") | M7: =IF(COUNT(G7:I7)=0,"",SUM(G7:I7)) | N7: =IF(COUNT(J7:L7)=0,"",SUM(J7:L7)) | S7: =IF(AND(A7="",B7="",D7="",COUNT(G7:I7)=0),"",IF(D7="","Missing shooter",IF(A7="","Missing date",IF(B7="","Missing event",IF(E7="","Club not in roster (type manually)",IF(COUNT(G7:I7)=0,"No scores entered",IF(O7="","Set status (official/provisional)",IF(COUNTIFS($A$2:$A$101,A7,$B$2:$B$101,B7,$D$2:$D$101,D7)>1,"Duplicate entry","OK to upload"))))))))
E8: =IFERROR(IF(D8="","",VLOOKUP(D8,Members!$A$2:$C$16,2,FALSE())),"") | F8: =IFERROR(IF(D8="","",VLOOKUP(D8,Members!$A$2:$C$16,3,FALSE())),"") | M8: =IF(COUNT(G8:I8)=0,"",SUM(G8:I8)) | N8: =IF(COUNT(J8:L8)=0,"",SUM(J8:L8)) | S8: =IF(AND(A8="",B8="",D8="",COUNT(G8:I8)=0),"",IF(D8="","Missing shooter",IF(A8="","Missing date",IF(B8="","Missing event",IF(E8="","Club not in roster (type manually)",IF(COUNT(G8:I8)=0,"No scores entered",IF(O8="","Set status (official/provisional)",IF(COUNTIFS($A$2:$A$101,A8,$B$2:$B$101,B8,$D$2:$D$101,D8)>1,"Duplicate entry","OK to upload"))))))))
E9: =IFERROR(IF(D9="","",VLOOKUP(D9,Members!$A$2:$C$16,2,FALSE())),"") | F9: =IFERROR(IF(D9="","",VLOOKUP(D9,Members!$A$2:$C$16,3,FALSE())),"") | M9: =IF(COUNT(G9:I9)=0,"",SUM(G9:I9)) | N9: =IF(COUNT(J9:L9)=0,"",SUM(J9:L9)) | S9: =IF(AND(A9="",B9="",D9="",COUNT(G9:I9)=0),"",IF(D9="","Missing shooter",IF(A9="","Missing date",IF(B9="","Missing event",IF(E9="","Club not in roster (type manually)",IF(COUNT(G9:I9)=0,"No scores entered",IF(O9="","Set status (official/provisional)",IF(COUNTIFS($A$2:$A$101,A9,$B$2:$B$101,B9,$D$2:$D$101,D9)>1,"Duplicate entry","OK to upload"))))))))
E10: =IFERROR(IF(D10="","",VLOOKUP(D10,Members!$A$2:$C$16,2,FALSE())),"") | F10: =IFERROR(IF(D10="","",VLOOKUP(D10,Members!$A$2:$C$16,3,FALSE())),"") | M10: =IF(COUNT(G10:I10)=0,"",SUM(G10:I10)) | N10: =IF(COUNT(J10:L10)=0,"",SUM(J10:L10)) | S10: =IF(AND(A10="",B10="",D10="",COUNT(G10:I10)=0),"",IF(D10="","Missing shooter",IF(A10="","Missing date",IF(B10="","Missing event",IF(E10="","Club not in roster (type manually)",IF(COUNT(G10:I10)=0,"No scores entered",IF(O10="","Set status (official/provisional)",IF(COUNTIFS($A$2:$A$101,A10,$B$2:$B$101,B10,$D$2:$D$101,D10)>1,"Duplicate entry","OK to upload"))))))))
E11: =IFERROR(IF(D11="","",VLOOKUP(D11,Members!$A$2:$C$16,2,FALSE())),"") | F11: =IFERROR(IF(D11="","",VLOOKUP(D11,Members!$A$2:$C$16,3,FALSE())),"") | M11: =IF(COUNT(G11:I11)=0,"",SUM(G11:I11)) | N11: =IF(COUNT(J11:L11)=0,"",SUM(J11:L11)) | S11: =IF(AND(A11="",B11="",D11="",COUNT(G11:I11)=0),"",IF(D11="","Missing shooter",IF(A11="","Missing date",IF(B11="","Missing event",IF(E11="","Club not in roster (type manually)",IF(COUNT(G11:I11)=0,"No scores entered",IF(O11="","Set status (official/provisional)",IF(COUNTIFS($A$2:$A$101,A11,$B$2:$B$101,B11,$D$2:$D$101,D11)>1,"Duplicate entry","OK to upload"))))))))
E12: =IFERROR(IF(D12="","",VLOOKUP(D12,Members!$A$2:$C$16,2,FALSE())),"") | F12: =IFERROR(IF(D12="","",VLOOKUP(D12,Members!$A$2:$C$16,3,FALSE())),"") | M12: =IF(COUNT(G12:I12)=0,"",SUM(G12:I12)) | N12: =IF(COUNT(J12:L12)=0,"",SUM(J12:L12)) | S12: =IF(AND(A12="",B12="",D12="",COUNT(G12:I12)=0),"",IF(D12="","Missing shooter",IF(A12="","Missing date",IF(B12="","Missing event",IF(E12="","Club not in roster (type manually)",IF(COUNT(G12:I12)=0,"No scores entered",IF(O12="","Set status (official/provisional)",IF(COUNTIFS($A$2:$A$101,A12,$B$2:$B$101,B12,$D$2:$D$101,D12)>1,"Duplicate entry","OK to upload"))))))))
E13: =IFERROR(IF(D13="","",VLOOKUP(D13,Members!$A$2:$C$16,2,FALSE())),"") | F13: =IFERROR(IF(D13="","",VLOOKUP(D13,Members!$A$2:$C$16,3,FALSE())),"") | M13: =IF(COUNT(G13:I13)=0,"",SUM(G13:I13)) | N13: =IF(COUNT(J13:L13)=0,"",SUM(J13:L13)) | S13: =IF(AND(A13="",B13="",D13="",COUNT(G13:I13)=0),"",IF(D13="","Missing shooter",IF(A13="","Missing date",IF(B13="","Missing event",IF(E13="","Club not in roster (type manually)",IF(COUNT(G13:I13)=0,"No scores entered",IF(O13="","Set status (official/provisional)",IF(COUNTIFS($A$2:$A$101,A13,$B$2:$B$101,B13,$D$2:$D$101,D13)>1,"Duplicate entry","OK to upload"))))))))
E14: =IFERROR(IF(D14="","",VLOOKUP(D14,Members!$A$2:$C$16,2,FALSE())),"") | F14: =IFERROR(IF(D14="","",VLOOKUP(D14,Members!$A$2:$C$16,3,FALSE())),"") | M14: =IF(COUNT(G14:I14)=0,"",SUM(G14:I14)) | N14: =IF(COUNT(J14:L14)=0,"",SUM(J14:L14)) | S14: =IF(AND(A14="",B14="",D14="",COUNT(G14:I14)=0),"",IF(D14="","Missing shooter",IF(A14="","Missing date",IF(B14="","Missing event",IF(E14="","Club not in roster (type manually)",IF(COUNT(G14:I14)=0,"No scores entered",IF(O14="","Set status (official/provisional)",IF(COUNTIFS($A$2:$A$101,A14,$B$2:$B$101,B14,$D$2:$D$101,D14)>1,"Duplicate entry","OK to upload"))))))))
... E101: =IFERROR(IF(D101="","",VLOOKUP(D101,Members!$A$2:$C$16,2,FALSE())),"") | F101: =IFERROR(IF(D101="","",VLOOKUP(D101,Members!$A$2:$C$16,3,FALSE())),"") | M101: =IF(COUNT(G101:I101)=0,"",SUM(G101:I101)) | N101: =IF(COUNT(J101:L101)=0,"",SUM(J101:L101)) | S101: =IF(AND(A101="",B101="",D101="",COUNT(G101:I101)=0),"",IF(D101="","Missing shooter",IF(A101="","Missing date",IF(B101="","Missing event",IF(E101="","Club not in roster (type manually)",IF(COUNT(G101:I101)=0,"No scores entered",IF(O101="","Set status (official/provisional)",IF(COUNTIFS($A$2:$A$101,A101,$B$2:$B$101,B101,$D$2:$D$101,D101)>1,"Duplicate entry","OK to upload"))))))))

Sheet Prone Final
A1: Prone Final — fresh 60-shot match (start from zero)
A2: Top qualifiers shoot a NEW 60-shot match to decide medals. Qualification is NOT carried forward — this match stands alone. 6 series x 10 shots, decimal.
A3: Event Name | B3: Shooter | C3: S1 | D3: S2 | E3: S3 | F3: S4 | G3: S5 | H3: S6 | I3: Total | J3: Final Rank | K3: Status | L3: Notes
I4: =IF(COUNT(C4:H4)=0,"",ROUND(SUM(C4:H4),1)) | J4: =IF($I4="","",SUMPRODUCT(($I$4:$I$11<>"")*($I$4:$I$11>$I4))+1)
I5: =IF(COUNT(C5:H5)=0,"",ROUND(SUM(C5:H5),1)) | J5: =IF($I5="","",SUMPRODUCT(($I$4:$I$11<>"")*($I$4:$I$11>$I5))+1)
I6: =IF(COUNT(C6:H6)=0,"",ROUND(SUM(C6:H6),1)) | J6: =IF($I6="","",SUMPRODUCT(($I$4:$I$11<>"")*($I$4:$I$11>$I6))+1)
I7: =IF(COUNT(C7:H7)=0,"",ROUND(SUM(C7:H7),1)) | J7: =IF($I7="","",SUMPRODUCT(($I$4:$I$11<>"")*($I$4:$I$11>$I7))+1)
I8: =IF(COUNT(C8:H8)=0,"",ROUND(SUM(C8:H8),1)) | J8: =IF($I8="","",SUMPRODUCT(($I$4:$I$11<>"")*($I$4:$I$11>$I8))+1)
I9: =IF(COUNT(C9:H9)=0,"",ROUND(SUM(C9:H9),1)) | J9: =IF($I9="","",SUMPRODUCT(($I$4:$I$11<>"")*($I$4:$I$11>$I9))+1)
I10: =IF(COUNT(C10:H10)=0,"",ROUND(SUM(C10:H10),1)) | J10: =IF($I10="","",SUMPRODUCT(($I$4:$I$11<>"")*($I$4:$I$11>$I10))+1)
I11: =IF(COUNT(C11:H11)=0,"",ROUND(SUM(C11:H11),1)) | J11: =IF($I11="","",SUMPRODUCT(($I$4:$I$11<>"")*($I$4:$I$11>$I11))+1)
A13: Final Rank = ranked by Total (highest wins). Decimal scoring, max 654.0. Start from zero — do not add qualification.

Sheet 3P Final
A1: 3-Position Final — ISSF 35-shot elimination (10 Kneeling + 10 Prone + 2x5 Standing + 5 single Standing)
A2: Decimal, cumulative, start from zero. Kneeling+Prone fired in 22 min, then 2x5 standing. After 30 shots the 2 lowest are eliminated (8th,7th). Then single standing shots: after each, the lowest goes (6th after 31, 5th=32, 4th=33, bronze=34, gold/silver=35).
A3: Event Name | B3: Shooter | C3: K1 | D3: K2 | E3: K3 | F3: K4 | G3: K5 | H3: K6 | I3: K7 | J3: K8 | K3: K9 | L3: K10 | M3: P1 | N3: P2 | O3: P3 | P3: P4 | Q3: P5 | R3: P6 | S3: P7 | T3: P8 | U3: P9 | V3: P10 | W3: S1 | X3: S2 | Y3: S3 | Z3: S4 | AA3: S5 | AB3: S6 | AC3: S7 | AD3: S8 | AE3: S9 | AF3: S10 | AG3: After 30 | AH3: x31 | AI3: x32 | AJ3: x33 | AK3: x34 | AL3: x35 | AM3: Total | AN3: Elim@Shot | AO3: Rank | AP3: Status
AG4: =IF(COUNT(C4:AF4)=0,"",ROUND(SUM(C4:AF4),1)) | AM4: =IF(AG4="","",ROUND(AG4+SUM(AH4:AL4),1)) | AO4: =IF(AM4="","",SUMPRODUCT((((IF($AN$4:$AN$11="",99,$AN$4:$AN$11))>IF(AN4="",99,AN4))*($AM$4:$AM$11<>""))+(((IF($AN$4:$AN$11="",99,$AN$4:$AN$11))=IF(AN4="",99,AN4))*($AM$4:$AM$11>AM4)*($AM$4:$AM$11<>"")))+1)
AG5: =IF(COUNT(C5:AF5)=0,"",ROUND(SUM(C5:AF5),1)) | AM5: =IF(AG5="","",ROUND(AG5+SUM(AH5:AL5),1)) | AO5: =IF(AM5="","",SUMPRODUCT((((IF($AN$4:$AN$11="",99,$AN$4:$AN$11))>IF(AN5="",99,AN5))*($AM$4:$AM$11<>""))+(((IF($AN$4:$AN$11="",99,$AN$4:$AN$11))=IF(AN5="",99,AN5))*($AM$4:$AM$11>AM5)*($AM$4:$AM$11<>"")))+1)
AG6: =IF(COUNT(C6:AF6)=0,"",ROUND(SUM(C6:AF6),1)) | AM6: =IF(AG6="","",ROUND(AG6+SUM(AH6:AL6),1)) | AO6: =IF(AM6="","",SUMPRODUCT((((IF($AN$4:$AN$11="",99,$AN$4:$AN$11))>IF(AN6="",99,AN6))*($AM$4:$AM$11<>""))+(((IF($AN$4:$AN$11="",99,$AN$4:$AN$11))=IF(AN6="",99,AN6))*($AM$4:$AM$11>AM6)*($AM$4:$AM$11<>"")))+1)
AG7: =IF(COUNT(C7:AF7)=0,"",ROUND(SUM(C7:AF7),1)) | AM7: =IF(AG7="","",ROUND(AG7+SUM(AH7:AL7),1)) | AO7: =IF(AM7="","",SUMPRODUCT((((IF($AN$4:$AN$11="",99,$AN$4:$AN$11))>IF(AN7="",99,AN7))*($AM$4:$AM$11<>""))+(((IF($AN$4:$AN$11="",99,$AN$4:$AN$11))=IF(AN7="",99,AN7))*($AM$4:$AM$11>AM7)*($AM$4:$AM$11<>"")))+1)
AG8: =IF(COUNT(C8:AF8)=0,"",ROUND(SUM(C8:AF8),1)) | AM8: =IF(AG8="","",ROUND(AG8+SUM(AH8:AL8),1)) | AO8: =IF(AM8="","",SUMPRODUCT((((IF($AN$4:$AN$11="",99,$AN$4:$AN$11))>IF(AN8="",99,AN8))*($AM$4:$AM$11<>""))+(((IF($AN$4:$AN$11="",99,$AN$4:$AN$11))=IF(AN8="",99,AN8))*($AM$4:$AM$11>AM8)*($AM$4:$AM$11<>"")))+1)
AG9: =IF(COUNT(C9:AF9)=0,"",ROUND(SUM(C9:AF9),1)) | AM9: =IF(AG9="","",ROUND(AG9+SUM(AH9:AL9),1)) | AO9: =IF(AM9="","",SUMPRODUCT((((IF($AN$4:$AN$11="",99,$AN$4:$AN$11))>IF(AN9="",99,AN9))*($AM$4:$AM$11<>""))+(((IF($AN$4:$AN$11="",99,$AN$4:$AN$11))=IF(AN9="",99,AN9))*($AM$4:$AM$11>AM9)*($AM$4:$AM$11<>"")))+1)
AG10: =IF(COUNT(C10:AF10)=0,"",ROUND(SUM(C10:AF10),1)) | AM10: =IF(AG10="","",ROUND(AG10+SUM(AH10:AL10),1)) | AO10: =IF(AM10="","",SUMPRODUCT((((IF($AN$4:$AN$11="",99,$AN$4:$AN$11))>IF(AN10="",99,AN10))*($AM$4:$AM$11<>""))+(((IF($AN$4:$AN$11="",99,$AN$4:$AN$11))=IF(AN10="",99,AN10))*($AM$4:$AM$11>AM10)*($AM$4:$AM$11<>"")))+1)
AG11: =IF(COUNT(C11:AF11)=0,"",ROUND(SUM(C11:AF11),1)) | AM11: =IF(AG11="","",ROUND(AG11+SUM(AH11:AL11),1)) | AO11: =IF(AM11="","",SUMPRODUCT((((IF($AN$4:$AN$11="",99,$AN$4:$AN$11))>IF(AN11="",99,AN11))*($AM$4:$AM$11<>""))+(((IF($AN$4:$AN$11="",99,$AN$4:$AN$11))=IF(AN11="",99,AN11))*($AM$4:$AM$11>AM11)*($AM$4:$AM$11<>"")))+1)
A13: Elim@Shot: enter the shot number the finalist was eliminated on (30 for the two lowest after standing series; 31-35 for singles). Leave blank for the gold/silver pair who fired all 35. Rank auto-computes: survived longest ranks highest, ties by total. Position tint: green=kneeling, blue=prone, peach=standing.

Sheet Members
A1: Shooter Name | B1: Club | C1: Default Category | E1: Maintain your member roster here. Names listed here appear in the Shooter dropdowns on the score tabs. Guests can still be typed in freely.
A2: Arnold Prone | B2: Modderbee | C2: open
A3: Jane Member | B3: SATRF Club | C3: ladies
A4: Pieter van Wyk | B4: Pretoria RC | C4: open
A5: Sarah Naidoo | B5: SATRF Club | C5: ladies
A6: Johan Botha | B6: Bloem Marksmen | C6: veteran
A7: Thabo Mokoena | B7: Modderbee | C7: open
A8: Lerato Dlamini | B8: SATRF Club | C8: junior
A9: Willem Pretorius | B9: Pretoria RC | C9: veteran
A10: Anita Smit | B10: Cape Rifle Club | C10: ladies
A11: David Khumalo | B11: Modderbee | C11: open
A12: Riaan Steyn | B12: Bloem Marksmen | C12: open
A13: Mary Adams | B13: Cape Rifle Club | C13: veteran
... A16: Karen Joubert | B16: Cape Rifle Club | C16: ladies

Sheet Lookups
A1: Field | B1: Values
A2: Discipline | B2: prone_50m, fclass_open, fclass_tr, three_position_50m
A3: Category | B3: open, junior, veteran, ladies
A4: Status | B4: official, provisional
A5: Clubs | B5: Modderbee, SATRF Club, Pretoria RC, Bloem Marksmen, Cape Rifle Club

Sheet Dates
A1: 46023
A2: 46024
A3: 46025
A4: 46026
A5: 46027
A6: 46028
A7: 46029
A8: 46030
A9: 46031
A10: 46032
A11: 46033
A12: 46034
... A730: 46752
